{"cameraMode":{"drawMode":0,"name":"Shaded","section":"Shading Mode"},"sceneLighting":false,"audioPlay":false,"sceneViewState":{"m_AlwaysRefresh":false,"showFog":true,"showSkybox":false,"showFlares":true,"showImageEffects":true,"showParticleSystems":true,"showVisualEffectGraphs":true,"m_FxEnabled":true},"in2DMode":false,"pivot":{"x":11.605417251586914,"y":0.9441754817962647,"z":-2.900852680206299},"rotation":{"x":0.2666296362876892,"y":0.15107132494449616,"z":-0.042212001979351047,"w":0.9510509371757507},"size":4.874236583709717,"orthographic":false}